Order_ID,Date,Product,Category,Quantity,Unit_Price,Customer,Payment_Method
1001,2026-01-03,Notebook,Stationery,3,60,Rahul,UPI
1002,2026-01-03,Ball Pen,Stationery,5,15,Priya,Cash
1003,2026-01-04,Water Bottle,Home,2,350,Amit,Card
1004,2026-01-05,USB Cable,Electronics,2,250,Neha,UPI
1005,2026-01-06,Notebook,Stationery,5,60,Rohit,UPI
1006,2026-01-07,Headphones,Electronics,1,1200,Anjali,Card
1007,2026-01-08,Mouse,Electronics,2,650,Vikram,UPI
1008,2026-01-09,Coffee Mug,Home,3,220,Simran,Cash
1009,2026-01-10,Ball Pen,Stationery,10,15,Rahul,UPI
1010,2026-01-11,Keyboard,Electronics,1,900,Arjun,Card
1011,2026-01-12,Notebook,Stationery,2,60,Priya,Cash
1012,2026-01-13,Water Bottle,Home,4,350,Amit,UPI
1013,2026-01-14,USB Cable,Electronics,3,250,Neha,UPI
1014,2026-01-15,Coffee Mug,Home,2,220,Rohit,Cash
1015,2026-01-16,Headphones,Electronics,2,1200,Anjali,Card
1016,2026-01-17,Ball Pen,Stationery,8,15,Vikram,Cash
1017,2026-01-18,Mouse,Electronics,1,650,Simran,UPI
1018,2026-01-19,Notebook,Stationery,4,60,Arjun,UPI
1019,2026-01-20,Water Bottle,Home,1,350,Rahul,Card
1020,2026-01-21,Keyboard,Electronics,2,900,Priya,UPI
1021,2026-01-22,Coffee Mug,Home,5,220,Amit,Cash
1022,2026-01-23,USB Cable,Electronics,4,250,Neha,UPI
1023,2026-01-24,Ball Pen,Stationery,12,15,Rohit,Cash
1024,2026-01-25,Headphones,Electronics,1,1200,Anjali,Card
1025,2026-01-26,Mouse,Electronics,3,650,Vikram,UPI
1026,2026-01-27,Notebook,Stationery,6,60,Simran,UPI
1027,2026-01-28,Water Bottle,Home,2,350,Arjun,Cash
1028,2026-01-29,Keyboard,Electronics,1,900,Rahul,Card
1029,2026-01-30,Coffee Mug,Home,4,220,Priya,Cash
1030,2026-01-31,USB Cable,Electronics,5,250,Amit,UPI